delivery_agent_id,name,age,gender,city,phone_number
1000,"Meena Das",37,Female,Delhi,+91-9882158350
1001,"Ravi Sharma",40,Female,Hyderabad,+91-9779580646
1002,"Pooja Mishra",35,Male,Hyderabad,+91-8578709324
1003,"Pooja Kumar",28,Female,Chennai,+91-9811987828
1004,"Priya Nair",40,Female,Chennai,+91-8288456128
1005,"Pooja Verma",29,Male,Delhi,+91-9496816721
1006,"Pooja Sharma",38,Male,Delhi,+91-7515084945
1007,"Lakshmi Nair",35,Male,Hyderabad,+91-8313661204
1008,"Ravi Mishra",41,Female,Hyderabad,+91-9567418044
1009,"Manoj Verma",25,Female,Bangalore,+91-8474395614
1010,"Suresh Sharma",24,Female,Kolkata,+91-7977726993
1011,"Suresh Sharma",28,Male,Delhi,+91-8123193800
1012,"Manoj Das",32,Male,Chennai,+91-7303140284
1013,"Lakshmi Mishra",43,Male,Mumbai,+91-9601278971
1014,"Suresh Kumar",26,Female,Kolkata,+91-9913056195
1015,"Amit Nair",24,Female,Delhi,+91-7221744819
1016,"Kiran Das",40,Female,Mumbai,+91-7495592296
1017,"Lakshmi Mishra",37,Male,Mumbai,+91-7044534888
1018,"Priya Nair",34,Female,Mumbai,+91-8992520051
1019,"Priya Das",33,Male,Hyderabad,+91-9271561914
1020,"Priya Mishra",41,Female,Hyderabad,+91-8589425727
1021,"Suresh Sharma",37,Male,Chennai,+91-8112498309
1022,"Meena Kumar",33,Female,Mumbai,+91-9203922904
1023,"Amit Verma",39,Male,Mumbai,+91-9013610679
1024,"Lakshmi Kumar",33,Female,Mumbai,+91-8215273969
1025,"Rakesh Das",41,Female,Chennai,+91-9549399312
1026,"Pooja Nair",31,Male,Kolkata,+91-8014439331
1027,"Pooja Verma",29,Male,Mumbai,+91-9191979193
1028,"Suresh Kumar",22,Male,Mumbai,+91-7692649039
1029,"Priya Sharma",32,Female,Delhi,+91-7769363974
1030,"Priya Nair",44,Male,Mumbai,+91-7910620821
1031,"Priya Sharma",26,Male,Delhi,+91-7281074561
1032,"Suresh Kumar",36,Male,Chennai,+91-9483578167
1033,"Kiran Nair",28,Female,Delhi,+91-9235808908
1034,"Pooja Das",45,Female,Kolkata,+91-8303328980
1035,"Meena Kumar",37,Male,Mumbai,+91-9866775870
1036,"Amit Kumar",29,Female,Kolkata,+91-9383834346
1037,"Kiran Nair",32,Male,Chennai,+91-7782810069
1038,"Amit Das",44,Female,Mumbai,+91-9119877325
1039,"Rakesh Mishra",37,Female,Hyderabad,+91-9246007411
1040,"Ravi Verma",32,Female,Delhi,+91-8297188085
1041,"Priya Sharma",37,Male,Kolkata,+91-8864163901
1042,"Lakshmi Das",38,Male,Bangalore,+91-8074155080
1043,"Priya Kumar",26,Female,Chennai,+91-9191179494
1044,"Lakshmi Kumar",40,Female,Mumbai,+91-7877630844
1045,"Priya Verma",38,Female,Delhi,+91-7112103806
1046,"Meena Sharma",34,Female,Chennai,+91-9330617996
1047,"Ravi Verma",32,Male,Bangalore,+91-8060730731
1048,"Kiran Sharma",27,Female,Chennai,+91-9772188961
1049,"Kiran Sharma",24,Female,Bangalore,+91-8716323124
1050,"Rakesh Verma",40,Female,Chennai,+91-9111952879
1051,"Pooja Verma",38,Female,Bangalore,+91-9065272433
1052,"Manoj Nair",39,Female,Mumbai,+91-9284722897
1053,"Lakshmi Mishra",25,Female,Chennai,+91-8947742924
1054,"Meena Sharma",29,Female,Kolkata,+91-7700281703
1055,"Kiran Mishra",40,Male,Mumbai,+91-7306417596
1056,"Amit Das",28,Male,Kolkata,+91-8210182321
1057,"Manoj Nair",37,Male,Mumbai,+91-8442492690
1058,"Meena Das",28,Female,Hyderabad,+91-7237588780
1059,"Kiran Mishra",43,Male,Bangalore,+91-9292201012
1060,"Lakshmi Nair",25,Female,Hyderabad,+91-8024252141
1061,"Manoj Kumar",35,Male,Mumbai,+91-8634053292
1062,"Manoj Kumar",38,Male,Bangalore,+91-9189676485
1063,"Pooja Nair",29,Female,Chennai,+91-8090748115
1064,"Ravi Mishra",24,Female,Delhi,+91-9448778959
1065,"Ravi Kumar",32,Female,Bangalore,+91-9805871143
1066,"Meena Das",22,Male,Hyderabad,+91-7591594837
1067,"Pooja Mishra",40,Female,Bangalore,+91-7834346301
1068,"Amit Verma",28,Male,Mumbai,+91-8705936380
1069,"Priya Verma",36,Male,Delhi,+91-8379996352
1070,"Amit Das",25,Female,Chennai,+91-8594372163
1071,"Amit Kumar",25,Male,Delhi,+91-7433894728
1072,"Kiran Mishra",45,Male,Mumbai,+91-9022702395
1073,"Priya Nair",42,Female,Chennai,+91-7963281835
1074,"Rakesh Verma",44,Male,Delhi,+91-7960634752
1075,"Priya Kumar",37,Male,Bangalore,+91-8039569356
1076,"Meena Kumar",27,Male,Mumbai,+91-8292551745
1077,"Rakesh Mishra",29,Male,Bangalore,+91-9749168222
1078,"Manoj Kumar",45,Female,Bangalore,+91-9184161012
1079,"Suresh Sharma",23,Female,Mumbai,+91-7391001962
1080,"Priya Kumar",42,Male,Hyderabad,+91-7554364307
1081,"Pooja Nair",28,Male,Chennai,+91-8283882152
1082,"Amit Nair",28,Male,Bangalore,+91-8135031197
1083,"Pooja Nair",33,Female,Mumbai,+91-7694085345
1084,"Manoj Sharma",24,Female,Mumbai,+91-7822610441
1085,"Ravi Nair",44,Male,Hyderabad,+91-9501769066
1086,"Priya Das",31,Female,Hyderabad,+91-9076243490
1087,"Manoj Kumar",31,Male,Delhi,+91-9964650179
1088,"Lakshmi Mishra",38,Male,Hyderabad,+91-7004998656
1089,"Amit Mishra",38,Male,Kolkata,+91-9867518905
1090,"Manoj Nair",37,Female,Kolkata,+91-7198005950
1091,"Amit Kumar",27,Female,Hyderabad,+91-7527040831
1092,"Suresh Nair",23,Female,Chennai,+91-8473221287
1093,"Lakshmi Das",39,Male,Mumbai,+91-8501505443
1094,"Rakesh Mishra",42,Male,Kolkata,+91-8775129369
1095,"Suresh Nair",24,Male,Bangalore,+91-7570766278
1096,"Kiran Nair",36,Male,Chennai,+91-9878595458
1097,"Lakshmi Kumar",22,Male,Bangalore,+91-7536312311
1098,"Meena Sharma",41,Male,Hyderabad,+91-7501686678
1099,"Suresh Verma",36,Female,Kolkata,+91-8085139027
1100,"Kiran Sharma",25,Female,Chennai,+91-7315861186
1101,"Lakshmi Kumar",32,Male,Hyderabad,+91-9229794176
1102,"Lakshmi Nair",26,Male,Hyderabad,+91-7657783465
1103,"Suresh Sharma",34,Female,Delhi,+91-7387605830
1104,"Amit Verma",23,Male,Hyderabad,+91-9969752349
1105,"Amit Das",32,Female,Chennai,+91-7853655825
1106,"Priya Nair",23,Female,Kolkata,+91-8427870849
1107,"Priya Nair",26,Male,Hyderabad,+91-8845730672
1108,"Meena Verma",37,Male,Bangalore,+91-7860068330
1109,"Amit Verma",34,Male,Chennai,+91-9148126528
1110,"Ravi Kumar",36,Male,Kolkata,+91-9793767660
1111,"Rakesh Kumar",26,Male,Chennai,+91-7257048382
1112,"Kiran Das",27,Male,Bangalore,+91-8520601503
1113,"Lakshmi Kumar",29,Male,Mumbai,+91-7525576683
1114,"Pooja Das",27,Female,Delhi,+91-7127572884
1115,"Meena Das",35,Male,Hyderabad,+91-9000332504
1116,"Ravi Das",33,Female,Bangalore,+91-9523616118
1117,"Meena Kumar",40,Female,Mumbai,+91-7737004116
1118,"Pooja Mishra",39,Male,Hyderabad,+91-9409190302
1119,"Kiran Mishra",30,Male,Mumbai,+91-9166556139
1120,"Kiran Mishra",39,Female,Hyderabad,+91-9190269712
1121,"Pooja Verma",25,Male,Hyderabad,+91-7750266028
1122,"Suresh Das",29,Male,Hyderabad,+91-8178599358
1123,"Ravi Das",43,Female,Kolkata,+91-8701911947
1124,"Ravi Sharma",27,Female,Chennai,+91-9964750567
1125,"Lakshmi Das",28,Female,Kolkata,+91-7266200107
1126,"Priya Das",29,Female,Delhi,+91-7280711180
1127,"Ravi Kumar",30,Female,Bangalore,+91-7368884808
1128,"Rakesh Sharma",33,Female,Delhi,+91-8172185531
1129,"Meena Mishra",31,Male,Chennai,+91-8662804015
1130,"Suresh Verma",43,Male,Chennai,+91-7515971477
1131,"Amit Mishra",38,Female,Hyderabad,+91-9428269801
1132,"Ravi Nair",39,Female,Delhi,+91-7721974266
1133,"Suresh Kumar",22,Male,Mumbai,+91-8679681022
1134,"Rakesh Verma",43,Male,Kolkata,+91-9323917380
1135,"Manoj Nair",32,Female,Kolkata,+91-9359715138
1136,"Meena Sharma",34,Female,Delhi,+91-8881956763
1137,"Lakshmi Verma",35,Male,Bangalore,+91-7406814877
1138,"Manoj Mishra",40,Male,Kolkata,+91-7917947808
1139,"Priya Das",42,Male,Mumbai,+91-8511570487
1140,"Pooja Verma",38,Male,Bangalore,+91-7959193896
1141,"Manoj Kumar",45,Male,Delhi,+91-7725530893
1142,"Priya Kumar",29,Male,Bangalore,+91-8994190276
1143,"Priya Verma",44,Female,Bangalore,+91-9766968726
1144,"Ravi Das",34,Female,Chennai,+91-9573552824
1145,"Pooja Verma",30,Male,Kolkata,+91-9297732401
1146,"Kiran Mishra",42,Male,Delhi,+91-7281883645
1147,"Priya Mishra",39,Male,Kolkata,+91-7814380240
1148,"Manoj Sharma",34,Female,Hyderabad,+91-8516381728
1149,"Rakesh Sharma",32,Male,Mumbai,+91-7997090954
1150,"Lakshmi Sharma",34,Male,Chennai,+91-7385755291
1151,"Ravi Kumar",23,Female,Hyderabad,+91-7226902844
1152,"Kiran Kumar",35,Male,Hyderabad,+91-8385689570
1153,"Amit Mishra",22,Female,Hyderabad,+91-9369776406
1154,"Pooja Verma",32,Male,Delhi,+91-8757823250
1155,"Lakshmi Nair",36,Male,Delhi,+91-9667312435
1156,"Suresh Mishra",25,Male,Kolkata,+91-8941622153
1157,"Lakshmi Kumar",26,Female,Bangalore,+91-9187915145
1158,"Meena Mishra",25,Female,Delhi,+91-7885128801
1159,"Suresh Mishra",43,Male,Hyderabad,+91-8777544360
1160,"Kiran Nair",32,Female,Bangalore,+91-7838833970
1161,"Suresh Kumar",39,Female,Hyderabad,+91-8226315037
1162,"Ravi Das",43,Female,Bangalore,+91-9875120673
1163,"Priya Mishra",23,Male,Chennai,+91-8707642003
1164,"Kiran Das",42,Male,Delhi,+91-8164330783
1165,"Manoj Mishra",31,Female,Chennai,+91-7169059845
1166,"Meena Verma",41,Male,Hyderabad,+91-7631099254
1167,"Kiran Kumar",43,Male,Chennai,+91-9628934149
1168,"Suresh Verma",25,Male,Delhi,+91-7306935097
1169,"Ravi Kumar",38,Female,Delhi,+91-9049495016
1170,"Pooja Mishra",33,Female,Chennai,+91-9837493586
1171,"Amit Kumar",32,Female,Bangalore,+91-8727732838
1172,"Ravi Das",34,Male,Delhi,+91-9328659944
1173,"Priya Das",41,Female,Delhi,+91-9370538900
1174,"Suresh Nair",37,Female,Mumbai,+91-8199099435
1175,"Kiran Sharma",30,Female,Bangalore,+91-9416140092
1176,"Ravi Mishra",40,Male,Hyderabad,+91-7621817968
1177,"Amit Kumar",30,Male,Kolkata,+91-9414661714
1178,"Rakesh Das",30,Male,Chennai,+91-7384795263
1179,"Rakesh Nair",26,Female,Hyderabad,+91-7064299908
1180,"Kiran Sharma",22,Female,Mumbai,+91-9196579904
1181,"Suresh Nair",35,Female,Delhi,+91-8997442114
1182,"Pooja Kumar",39,Female,Mumbai,+91-9888581604
1183,"Pooja Nair",31,Male,Delhi,+91-9099273234
1184,"Manoj Das",32,Female,Hyderabad,+91-7572066662
1185,"Pooja Kumar",22,Male,Bangalore,+91-7827804210
1186,"Lakshmi Sharma",38,Male,Mumbai,+91-7329765698
1187,"Lakshmi Nair",39,Female,Mumbai,+91-7038016672
1188,"Pooja Verma",24,Female,Delhi,+91-7043545184
1189,"Manoj Nair",40,Male,Chennai,+91-8468157386
1190,"Suresh Sharma",45,Male,Delhi,+91-9128506903
1191,"Pooja Das",38,Female,Bangalore,+91-9429805645
1192,"Manoj Sharma",23,Female,Mumbai,+91-7235055503
1193,"Meena Sharma",31,Female,Kolkata,+91-8899831110
1194,"Ravi Kumar",33,Male,Delhi,+91-9419210178
1195,"Kiran Mishra",30,Female,Bangalore,+91-8542313132
1196,"Manoj Sharma",27,Female,Hyderabad,+91-8503208842
1197,"Amit Nair",34,Male,Delhi,+91-8356419218
1198,"Kiran Sharma",32,Male,Mumbai,+91-8288007986
1199,"Manoj Sharma",35,Female,Kolkata,+91-8718419913
1200,"Lakshmi Sharma",32,Female,Kolkata,+91-8138679239
1201,"Amit Das",39,Male,Kolkata,+91-8048706103
1202,"Priya Das",26,Female,Chennai,+91-7707314291
1203,"Ravi Verma",43,Female,Bangalore,+91-8500817397
1204,"Amit Sharma",28,Male,Chennai,+91-9179690851
1205,"Suresh Verma",26,Female,Chennai,+91-9958504586
1206,"Priya Sharma",27,Male,Hyderabad,+91-9635071961
1207,"Ravi Nair",31,Male,Chennai,+91-9384161009
1208,"Ravi Das",40,Female,Delhi,+91-9246781101
1209,"Ravi Das",32,Female,Delhi,+91-8313452404
1210,"Rakesh Das",42,Female,Kolkata,+91-7600318476
1211,"Lakshmi Kumar",29,Male,Chennai,+91-8149834495
1212,"Manoj Kumar",25,Male,Mumbai,+91-8806146240
1213,"Amit Sharma",40,Male,Hyderabad,+91-9678866526
1214,"Ravi Mishra",36,Female,Bangalore,+91-8513283361
1215,"Lakshmi Das",34,Male,Mumbai,+91-8260086213
1216,"Pooja Sharma",33,Female,Kolkata,+91-8113610660
1217,"Priya Verma",43,Female,Hyderabad,+91-9370207854
1218,"Kiran Nair",37,Male,Kolkata,+91-8093393411
1219,"Priya Kumar",23,Female,Hyderabad,+91-8658510257
1220,"Meena Sharma",38,Female,Delhi,+91-7999361144
1221,"Lakshmi Kumar",37,Male,Chennai,+91-8199852396
1222,"Priya Nair",23,Male,Mumbai,+91-9267774380
1223,"Suresh Mishra",36,Female,Bangalore,+91-9054258736
1224,"Meena Verma",36,Male,Chennai,+91-7730684467
1225,"Rakesh Sharma",26,Male,Mumbai,+91-9845228346
1226,"Meena Sharma",42,Male,Delhi,+91-9032893509
1227,"Pooja Sharma",27,Female,Delhi,+91-9525094653
1228,"Pooja Kumar",45,Male,Kolkata,+91-8736084872
1229,"Suresh Das",33,Female,Delhi,+91-7724845490
1230,"Meena Mishra",30,Male,Chennai,+91-9173643149
1231,"Rakesh Sharma",22,Male,Chennai,+91-7240497788
1232,"Ravi Sharma",31,Female,Mumbai,+91-8862595466
1233,"Meena Nair",42,Female,Bangalore,+91-8993874615
1234,"Pooja Kumar",35,Female,Bangalore,+91-7734931085
1235,"Lakshmi Sharma",31,Male,Kolkata,+91-7890058452
1236,"Amit Mishra",42,Female,Delhi,+91-8486086725
1237,"Rakesh Sharma",24,Male,Delhi,+91-8222495565
1238,"Manoj Sharma",44,Male,Hyderabad,+91-8452775648
1239,"Kiran Sharma",26,Female,Kolkata,+91-9798736651
1240,"Suresh Das",39,Male,Mumbai,+91-7654078120
1241,"Priya Sharma",34,Female,Mumbai,+91-7787801235
1242,"Kiran Das",22,Female,Kolkata,+91-7904060180
1243,"Kiran Mishra",23,Male,Mumbai,+91-8562413753
1244,"Rakesh Nair",30,Male,Chennai,+91-7820041808
1245,"Rakesh Das",27,Male,Hyderabad,+91-9842796126
1246,"Pooja Kumar",38,Female,Kolkata,+91-9338841295
1247,"Manoj Kumar",45,Female,Kolkata,+91-7589508436
1248,"Ravi Das",35,Female,Mumbai,+91-8324926206
1249,"Amit Verma",37,Female,Mumbai,+91-9230376659
1250,"Suresh Das",41,Male,Delhi,+91-8369489483
1251,"Amit Das",44,Female,Bangalore,+91-9397766442
1252,"Meena Verma",42,Male,Bangalore,+91-9812211686
1253,"Priya Das",35,Female,Hyderabad,+91-9254110548
1254,"Amit Sharma",28,Female,Mumbai,+91-7646915414
1255,"Manoj Kumar",29,Female,Hyderabad,+91-7348932460
1256,"Meena Mishra",37,Male,Bangalore,+91-9406710660
1257,"Kiran Mishra",22,Female,Hyderabad,+91-8893621765
1258,"Lakshmi Kumar",36,Female,Chennai,+91-9177260031
1259,"Manoj Das",44,Female,Hyderabad,+91-8523810500
1260,"Suresh Verma",34,Female,Bangalore,+91-8907832195
1261,"Amit Das",31,Female,Kolkata,+91-8195671814
1262,"Priya Verma",25,Male,Bangalore,+91-7426507288
1263,"Kiran Mishra",32,Female,Bangalore,+91-7387119004
1264,"Lakshmi Das",41,Female,Delhi,+91-7112791369
1265,"Ravi Das",38,Male,Bangalore,+91-7505080334
1266,"Ravi Nair",37,Male,Chennai,+91-8691548727
1267,"Lakshmi Sharma",36,Male,Chennai,+91-9092065912
1268,"Suresh Verma",45,Male,Chennai,+91-9255634859
1269,"Pooja Mishra",31,Female,Kolkata,+91-9145836639
1270,"Priya Mishra",37,Male,Bangalore,+91-9455349647
1271,"Amit Nair",40,Male,Bangalore,+91-7021069655
1272,"Priya Sharma",27,Male,Kolkata,+91-9287254866
1273,"Lakshmi Sharma",31,Male,Hyderabad,+91-8387604871
1274,"Manoj Nair",32,Female,Hyderabad,+91-7785872214
1275,"Amit Kumar",24,Female,Kolkata,+91-8018707218
1276,"Manoj Nair",28,Male,Chennai,+91-9112280479
1277,"Rakesh Sharma",40,Female,Kolkata,+91-8994443225
1278,"Kiran Kumar",35,Female,Bangalore,+91-9290631838
1279,"Pooja Das",32,Female,Mumbai,+91-9278381464
1280,"Suresh Mishra",36,Female,Hyderabad,+91-7654846722
1281,"Suresh Mishra",44,Female,Mumbai,+91-8869341559
1282,"Lakshmi Das",34,Male,Chennai,+91-8338929312
1283,"Ravi Verma",45,Male,Kolkata,+91-7192425138
1284,"Rakesh Verma",28,Female,Mumbai,+91-8578739149
1285,"Ravi Mishra",23,Female,Bangalore,+91-7639054411
1286,"Amit Das",25,Female,Mumbai,+91-8869001531
1287,"Suresh Sharma",24,Male,Mumbai,+91-9233908028
1288,"Meena Kumar",22,Male,Mumbai,+91-8809330546
1289,"Kiran Verma",37,Female,Chennai,+91-8157411920
1290,"Rakesh Verma",30,Male,Mumbai,+91-7178886225
1291,"Lakshmi Mishra",40,Female,Mumbai,+91-9731216965
1292,"Kiran Mishra",40,Female,Delhi,+91-8208814953
1293,"Priya Das",43,Male,Kolkata,+91-9231241648
1294,"Kiran Verma",37,Male,Kolkata,+91-8481515795
1295,"Kiran Das",32,Male,Mumbai,+91-8675974625
1296,"Rakesh Kumar",36,Male,Mumbai,+91-7523516117
1297,"Amit Nair",34,Male,Mumbai,+91-7663968508
1298,"Priya Nair",28,Male,Hyderabad,+91-8550515157
1299,"Amit Das",32,Male,Delhi,+91-7073827982
1300,"Ravi Mishra",23,Female,Hyderabad,+91-9717330856
1301,"Kiran Mishra",27,Female,Mumbai,+91-8549674346
1302,"Priya Kumar",27,Female,Mumbai,+91-8172590898
1303,"Amit Das",41,Male,Bangalore,+91-8227866532
1304,"Meena Mishra",27,Male,Hyderabad,+91-7322174334
1305,"Ravi Das",25,Female,Bangalore,+91-9041494711
1306,"Rakesh Das",35,Female,Chennai,+91-8460388416
1307,"Suresh Kumar",38,Male,Bangalore,+91-7647138718
1308,"Meena Verma",26,Female,Mumbai,+91-7405151291
1309,"Ravi Sharma",34,Female,Kolkata,+91-8306598811
1310,"Suresh Das",37,Male,Delhi,+91-8099760237
1311,"Suresh Das",45,Male,Mumbai,+91-9121401377
1312,"Suresh Das",28,Male,Chennai,+91-7324388213
1313,"Priya Verma",40,Female,Delhi,+91-7477072519
1314,"Manoj Verma",42,Male,Mumbai,+91-7613582839
1315,"Lakshmi Nair",31,Female,Hyderabad,+91-8300961870
1316,"Ravi Nair",35,Male,Chennai,+91-9998648979
1317,"Priya Nair",22,Male,Chennai,+91-9784488276
1318,"Rakesh Das",23,Female,Bangalore,+91-7010977315
1319,"Rakesh Sharma",33,Male,Mumbai,+91-7670291509
1320,"Rakesh Mishra",44,Male,Chennai,+91-7279571134
1321,"Kiran Kumar",35,Male,Hyderabad,+91-8288816439
1322,"Amit Mishra",37,Female,Chennai,+91-8532713871
1323,"Meena Nair",23,Female,Mumbai,+91-8673369636
1324,"Amit Kumar",43,Female,Kolkata,+91-7186352688
1325,"Meena Kumar",34,Female,Hyderabad,+91-8992387505
1326,"Priya Nair",34,Male,Delhi,+91-7803685698
1327,"Pooja Nair",42,Male,Kolkata,+91-9081914458
1328,"Meena Nair",44,Female,Bangalore,+91-7451188703
1329,"Suresh Das",38,Female,Delhi,+91-7105140818
1330,"Amit Kumar",40,Male,Delhi,+91-8603443406
1331,"Pooja Das",37,Male,Kolkata,+91-7785449080
1332,"Manoj Nair",23,Female,Kolkata,+91-7689272245
1333,"Manoj Mishra",34,Male,Chennai,+91-9944935187
1334,"Suresh Verma",40,Female,Kolkata,+91-9502447689
1335,"Pooja Kumar",28,Female,Kolkata,+91-8145852395
1336,"Ravi Sharma",36,Female,Mumbai,+91-9539711349
1337,"Amit Kumar",36,Male,Bangalore,+91-9828788502
1338,"Suresh Verma",30,Male,Hyderabad,+91-9537245159
1339,"Kiran Mishra",42,Male,Bangalore,+91-9727911826
1340,"Manoj Mishra",28,Female,Kolkata,+91-9888409281
1341,"Priya Verma",30,Male,Bangalore,+91-9646469631
1342,"Suresh Mishra",22,Male,Mumbai,+91-7525303558
1343,"Suresh Das",39,Male,Hyderabad,+91-7036852143
1344,"Suresh Das",25,Male,Delhi,+91-8560690903
1345,"Ravi Mishra",24,Male,Chennai,+91-9451123227
1346,"Manoj Das",41,Male,Hyderabad,+91-8420055812
1347,"Suresh Das",29,Male,Chennai,+91-9086201849
1348,"Priya Sharma",25,Female,Bangalore,+91-9734722537
1349,"Lakshmi Kumar",22,Male,Chennai,+91-9508652034
1350,"Manoj Das",31,Male,Chennai,+91-8160455622
1351,"Kiran Mishra",27,Male,Delhi,+91-9996444514
1352,"Rakesh Verma",33,Male,Kolkata,+91-9291117276
1353,"Priya Das",30,Male,Chennai,+91-7637150016
1354,"Priya Nair",29,Male,Chennai,+91-8800090879
1355,"Manoj Das",23,Female,Bangalore,+91-7103540324
1356,"Kiran Das",43,Female,Delhi,+91-8448386863
1357,"Manoj Das",43,Male,Chennai,+91-8035838858
1358,"Amit Mishra",23,Male,Delhi,+91-8248930825
1359,"Kiran Mishra",28,Male,Mumbai,+91-8849317558
1360,"Manoj Verma",45,Female,Hyderabad,+91-9730603251
1361,"Suresh Nair",40,Female,Kolkata,+91-8675186992
1362,"Kiran Verma",38,Male,Delhi,+91-9254521879
1363,"Kiran Kumar",26,Female,Mumbai,+91-8123691078
1364,"Kiran Sharma",30,Male,Hyderabad,+91-7139252594
1365,"Pooja Nair",45,Male,Delhi,+91-8664463043
1366,"Lakshmi Kumar",27,Female,Kolkata,+91-9535768911
1367,"Amit Das",24,Male,Kolkata,+91-9825176271
1368,"Suresh Mishra",40,Male,Chennai,+91-9172559933
1369,"Manoj Mishra",31,Female,Kolkata,+91-9787779189
1370,"Pooja Verma",24,Male,Chennai,+91-7047046489
1371,"Kiran Kumar",24,Female,Mumbai,+91-9386488666
1372,"Suresh Kumar",30,Male,Chennai,+91-9613129884
1373,"Lakshmi Sharma",33,Male,Bangalore,+91-9255387169
1374,"Kiran Verma",35,Female,Kolkata,+91-8521849298
1375,"Manoj Kumar",42,Female,Chennai,+91-7557457968
1376,"Suresh Nair",37,Male,Bangalore,+91-7051579462
1377,"Lakshmi Kumar",26,Male,Kolkata,+91-8808996473
1378,"Pooja Kumar",38,Male,Mumbai,+91-9756005085
1379,"Suresh Das",22,Male,Mumbai,+91-8728211798
1380,"Pooja Nair",45,Female,Delhi,+91-7075459896
1381,"Priya Sharma",31,Male,Delhi,+91-8348739105
1382,"Priya Sharma",26,Female,Bangalore,+91-9284440449
1383,"Ravi Das",29,Male,Kolkata,+91-9968084718
1384,"Suresh Nair",31,Female,Mumbai,+91-7348169326
1385,"Rakesh Sharma",34,Male,Mumbai,+91-8570079587
1386,"Rakesh Verma",25,Male,Hyderabad,+91-9570546170
1387,"Manoj Mishra",30,Male,Kolkata,+91-7144045936
1388,"Rakesh Sharma",35,Male,Bangalore,+91-7649663626
1389,"Suresh Das",39,Male,Kolkata,+91-8265265239
1390,"Pooja Sharma",31,Male,Chennai,+91-9263792795
1391,"Pooja Mishra",41,Female,Bangalore,+91-8001058044
1392,"Manoj Kumar",22,Male,Hyderabad,+91-9887309423
1393,"Amit Verma",31,Female,Chennai,+91-9069564105
1394,"Pooja Verma",23,Female,Kolkata,+91-9652542013
1395,"Amit Kumar",24,Female,Chennai,+91-9136285682
1396,"Pooja Verma",38,Male,Hyderabad,+91-9619494273
1397,"Amit Mishra",26,Female,Hyderabad,+91-8894169607
1398,"Rakesh Verma",31,Male,Bangalore,+91-8367497973
1399,"Manoj Sharma",36,Female,Hyderabad,+91-8709371601
1400,"Manoj Kumar",44,Male,Hyderabad,+91-7143507889
1401,"Lakshmi Kumar",44,Female,Kolkata,+91-8598520859
1402,"Meena Mishra",22,Male,Hyderabad,+91-9867243510
1403,"Priya Verma",24,Male,Kolkata,+91-7681521570
1404,"Pooja Kumar",41,Female,Hyderabad,+91-9917321693
1405,"Pooja Mishra",22,Male,Bangalore,+91-7857215744
1406,"Ravi Sharma",30,Female,Chennai,+91-8132008364
1407,"Pooja Nair",32,Female,Chennai,+91-9625095541
1408,"Ravi Mishra",34,Female,Hyderabad,+91-7106915156
1409,"Lakshmi Kumar",40,Female,Mumbai,+91-7179647395
1410,"Pooja Das",39,Male,Kolkata,+91-7891385969
1411,"Rakesh Verma",39,Male,Hyderabad,+91-8827761730
1412,"Kiran Nair",33,Male,Hyderabad,+91-7401701944
1413,"Meena Sharma",31,Female,Chennai,+91-9068702174
1414,"Meena Das",36,Female,Kolkata,+91-8265763259
1415,"Priya Sharma",41,Male,Kolkata,+91-9324396951
1416,"Ravi Mishra",24,Male,Bangalore,+91-7635131021
1417,"Priya Nair",45,Female,Mumbai,+91-8689638574
1418,"Meena Das",25,Male,Kolkata,+91-9542236343
1419,"Amit Mishra",32,Male,Chennai,+91-7435338481
1420,"Kiran Nair",35,Female,Hyderabad,+91-9226604386
1421,"Meena Das",40,Female,Hyderabad,+91-8458640869
1422,"Lakshmi Mishra",23,Male,Bangalore,+91-8254646210
1423,"Rakesh Verma",37,Male,Delhi,+91-8468698493
1424,"Pooja Sharma",29,Female,Kolkata,+91-7558341558
1425,"Meena Verma",26,Male,Bangalore,+91-9671931040
1426,"Kiran Mishra",37,Male,Delhi,+91-7328191570
1427,"Manoj Mishra",31,Male,Mumbai,+91-8803463709
1428,"Lakshmi Verma",33,Female,Hyderabad,+91-9842907597
1429,"Priya Sharma",27,Male,Hyderabad,+91-8581971593
1430,"Meena Verma",45,Female,Delhi,+91-7135036707
1431,"Lakshmi Nair",41,Male,Delhi,+91-8604660461
1432,"Manoj Sharma",35,Male,Mumbai,+91-8584196768
1433,"Kiran Das",45,Female,Mumbai,+91-9158268625
1434,"Priya Das",27,Female,Kolkata,+91-9526465144
1435,"Lakshmi Mishra",40,Female,Hyderabad,+91-7266822364
1436,"Lakshmi Verma",22,Male,Bangalore,+91-9415737051
1437,"Pooja Verma",35,Female,Hyderabad,+91-7651508268
1438,"Suresh Mishra",42,Male,Delhi,+91-7101431630
1439,"Amit Sharma",36,Female,Delhi,+91-7931660791
1440,"Manoj Sharma",38,Male,Hyderabad,+91-7341781969
1441,"Priya Kumar",30,Male,Chennai,+91-7145093417
1442,"Rakesh Kumar",44,Female,Kolkata,+91-7920096503
1443,"Ravi Das",22,Male,Mumbai,+91-8866778471
1444,"Meena Verma",24,Female,Kolkata,+91-7563134162
1445,"Manoj Das",38,Male,Kolkata,+91-8400695896
1446,"Pooja Nair",30,Male,Delhi,+91-7835508293
1447,"Suresh Nair",31,Male,Chennai,+91-7706917977
1448,"Priya Kumar",33,Male,Bangalore,+91-8140866090
1449,"Amit Das",30,Female,Delhi,+91-7347708377
1450,"Suresh Nair",32,Female,Mumbai,+91-8160662074
1451,"Priya Nair",30,Female,Chennai,+91-7876048604
1452,"Meena Das",30,Female,Kolkata,+91-7337898906
1453,"Lakshmi Verma",31,Female,Delhi,+91-8008490495
1454,"Pooja Das",32,Female,Mumbai,+91-8902786969
1455,"Manoj Kumar",25,Female,Bangalore,+91-7699522748
1456,"Meena Das",45,Male,Kolkata,+91-9408342344
1457,"Suresh Mishra",25,Female,Bangalore,+91-9220153419
1458,"Meena Mishra",42,Male,Kolkata,+91-8928092609
1459,"Ravi Kumar",37,Female,Hyderabad,+91-7496927985
1460,"Ravi Sharma",39,Male,Delhi,+91-7572589631
1461,"Pooja Nair",44,Female,Bangalore,+91-7526783701
1462,"Suresh Nair",31,Male,Delhi,+91-7287188787
1463,"Suresh Das",28,Female,Chennai,+91-8397417876
1464,"Rakesh Mishra",28,Female,Bangalore,+91-7099709390
1465,"Ravi Kumar",34,Male,Kolkata,+91-8015317702
1466,"Manoj Mishra",31,Female,Mumbai,+91-9986180144
1467,"Suresh Mishra",30,Female,Delhi,+91-7888837301
1468,"Rakesh Verma",45,Male,Kolkata,+91-8212302332
1469,"Amit Mishra",37,Male,Hyderabad,+91-7128026739
1470,"Meena Verma",44,Male,Chennai,+91-9181607448
1471,"Manoj Sharma",41,Male,Delhi,+91-7083660506
1472,"Ravi Das",36,Male,Kolkata,+91-8931303086
1473,"Ravi Nair",28,Male,Hyderabad,+91-7821016900
1474,"Manoj Verma",26,Female,Chennai,+91-8708908320
1475,"Rakesh Kumar",22,Male,Kolkata,+91-8331176154
1476,"Kiran Kumar",22,Male,Mumbai,+91-8823399978
1477,"Lakshmi Sharma",23,Male,Hyderabad,+91-7128710249
1478,"Meena Nair",26,Female,Delhi,+91-8229736889
1479,"Lakshmi Nair",43,Male,Kolkata,+91-7368463503
1480,"Manoj Verma",33,Male,Kolkata,+91-8078969754
1481,"Rakesh Mishra",23,Male,Chennai,+91-7197332845
1482,"Manoj Mishra",37,Female,Bangalore,+91-9539499227
1483,"Manoj Sharma",37,Male,Chennai,+91-8579130473
1484,"Manoj Sharma",39,Female,Delhi,+91-8450362346
1485,"Pooja Sharma",41,Female,Bangalore,+91-7030354348
1486,"Meena Verma",34,Male,Bangalore,+91-9788130252
1487,"Manoj Das",34,Female,Mumbai,+91-9367249067
1488,"Pooja Mishra",44,Female,Kolkata,+91-7876333658
1489,"Rakesh Verma",45,Male,Hyderabad,+91-8953385469
1490,"Suresh Nair",25,Female,Chennai,+91-9287090857
1491,"Kiran Mishra",24,Male,Delhi,+91-7981512968
1492,"Manoj Nair",38,Male,Bangalore,+91-9753036553
1493,"Manoj Sharma",36,Male,Mumbai,+91-9201600402
1494,"Suresh Das",43,Male,Chennai,+91-7122249745
1495,"Ravi Kumar",44,Male,Bangalore,+91-7444559350
1496,"Meena Verma",40,Male,Chennai,+91-9057386030
1497,"Rakesh Verma",32,Male,Mumbai,+91-7885419578
1498,"Lakshmi Nair",40,Female,Hyderabad,+91-9040883048
1499,"Amit Sharma",24,Female,Bangalore,+91-8300089160
1500,"Rakesh Das",30,Female,Hyderabad,+91-7352641239
1501,"Rakesh Verma",25,Female,Kolkata,+91-7219562560
1502,"Lakshmi Sharma",23,Female,Hyderabad,+91-7029024714
1503,"Ravi Das",27,Female,Chennai,+91-9172506787
1504,"Amit Verma",30,Male,Chennai,+91-9551343910
1505,"Kiran Nair",26,Female,Chennai,+91-8334092662
1506,"Meena Sharma",31,Male,Bangalore,+91-8303265026
1507,"Meena Nair",42,Female,Hyderabad,+91-8093359177
1508,"Rakesh Mishra",42,Male,Delhi,+91-8794887074
1509,"Amit Kumar",24,Female,Kolkata,+91-9284600045
1510,"Ravi Das",27,Male,Kolkata,+91-8032985574
1511,"Kiran Kumar",45,Female,Kolkata,+91-9578201011
1512,"Lakshmi Das",44,Male,Chennai,+91-7633651162
1513,"Priya Sharma",23,Female,Chennai,+91-7325324507
1514,"Ravi Kumar",34,Female,Bangalore,+91-9270710622
1515,"Lakshmi Nair",44,Male,Delhi,+91-9709000296
1516,"Suresh Sharma",30,Male,Hyderabad,+91-9690790464
1517,"Ravi Sharma",24,Female,Mumbai,+91-7720766903
1518,"Ravi Das",42,Female,Hyderabad,+91-9637765782
1519,"Pooja Mishra",41,Female,Bangalore,+91-9435017660
1520,"Suresh Verma",31,Male,Chennai,+91-8497073421
1521,"Priya Kumar",24,Male,Bangalore,+91-7057315913
1522,"Suresh Verma",41,Male,Bangalore,+91-9475972184
1523,"Rakesh Verma",24,Male,Kolkata,+91-7281274706
1524,"Manoj Sharma",41,Female,Chennai,+91-7188959583
1525,"Priya Das",26,Male,Chennai,+91-9094993992
1526,"Ravi Nair",27,Female,Mumbai,+91-9513071684
1527,"Manoj Sharma",40,Male,Chennai,+91-8250232304
1528,"Rakesh Verma",41,Female,Mumbai,+91-8548099915
1529,"Ravi Nair",42,Female,Kolkata,+91-9314478831
1530,"Rakesh Das",26,Male,Kolkata,+91-7086269914
1531,"Rakesh Kumar",33,Female,Delhi,+91-9421431235
1532,"Meena Mishra",24,Female,Hyderabad,+91-9832393494
1533,"Ravi Das",28,Male,Chennai,+91-7487092779
1534,"Manoj Verma",24,Male,Bangalore,+91-7778461368
1535,"Pooja Kumar",37,Male,Hyderabad,+91-8024542898
1536,"Amit Kumar",33,Male,Chennai,+91-8580086539
1537,"Amit Das",30,Male,Chennai,+91-7312977763
1538,"Priya Das",41,Female,Hyderabad,+91-8680755315
1539,"Ravi Mishra",26,Male,Delhi,+91-8182575125
1540,"Pooja Kumar",23,Female,Delhi,+91-9583929008
1541,"Manoj Das",29,Female,Chennai,+91-8479858682
1542,"Suresh Mishra",45,Male,Delhi,+91-7671472871
1543,"Lakshmi Verma",35,Male,Hyderabad,+91-9855969229
1544,"Ravi Sharma",42,Female,Kolkata,+91-9399449279
1545,"Ravi Mishra",41,Female,Delhi,+91-8787854675
1546,"Amit Sharma",43,Female,Bangalore,+91-9809550972
1547,"Ravi Nair",26,Female,Chennai,+91-7470240833
1548,"Manoj Verma",41,Female,Bangalore,+91-7142015522
1549,"Lakshmi Verma",31,Female,Kolkata,+91-8080083406
1550,"Manoj Mishra",22,Female,Bangalore,+91-8832133717
1551,"Suresh Mishra",37,Male,Chennai,+91-8279956446
1552,"Kiran Das",40,Female,Kolkata,+91-7429089866
1553,"Meena Verma",40,Male,Bangalore,+91-9426941801
1554,"Suresh Das",45,Male,Mumbai,+91-7364931955
1555,"Amit Nair",25,Male,Bangalore,+91-9860457431
1556,"Manoj Sharma",27,Male,Chennai,+91-9927725295
1557,"Lakshmi Kumar",44,Male,Delhi,+91-7039489266
1558,"Ravi Sharma",38,Male,Hyderabad,+91-8362667420
1559,"Ravi Nair",35,Male,Chennai,+91-9704397619
1560,"Suresh Mishra",38,Female,Chennai,+91-8542860905
1561,"Meena Das",32,Male,Hyderabad,+91-8101957691
1562,"Rakesh Verma",30,Female,Mumbai,+91-8206284485
1563,"Amit Mishra",41,Female,Kolkata,+91-7586626795
1564,"Suresh Sharma",30,Female,Hyderabad,+91-7093908115
1565,"Suresh Das",36,Male,Hyderabad,+91-7895433984
1566,"Manoj Verma",44,Female,Delhi,+91-7256279485
1567,"Rakesh Das",35,Female,Chennai,+91-8586395173
1568,"Priya Sharma",26,Male,Bangalore,+91-7167134593
1569,"Kiran Verma",45,Female,Bangalore,+91-7173246687
1570,"Suresh Mishra",37,Female,Kolkata,+91-8403642576
1571,"Lakshmi Mishra",44,Female,Delhi,+91-8299149246
1572,"Manoj Das",35,Male,Chennai,+91-7915751427
1573,"Ravi Verma",38,Male,Kolkata,+91-9687312018
1574,"Suresh Mishra",29,Male,Hyderabad,+91-8828123960
1575,"Ravi Nair",24,Male,Bangalore,+91-9323818621
1576,"Meena Verma",44,Female,Delhi,+91-7340883498
1577,"Meena Sharma",28,Male,Mumbai,+91-8310059518
1578,"Suresh Nair",31,Male,Hyderabad,+91-7289468670
1579,"Priya Nair",36,Female,Delhi,+91-7859951205
1580,"Meena Nair",34,Male,Bangalore,+91-8820436579
1581,"Pooja Sharma",36,Male,Delhi,+91-8492475263
1582,"Manoj Sharma",27,Female,Bangalore,+91-8096127983
1583,"Meena Kumar",36,Female,Chennai,+91-9680334080
1584,"Manoj Verma",33,Male,Kolkata,+91-7876866243
1585,"Priya Das",30,Male,Bangalore,+91-8609847546
1586,"Amit Das",41,Male,Delhi,+91-7301034112
1587,"Suresh Nair",43,Male,Delhi,+91-9393844502
1588,"Suresh Verma",24,Female,Kolkata,+91-7403670667
1589,"Lakshmi Mishra",26,Female,Chennai,+91-9464697651
1590,"Manoj Nair",31,Female,Chennai,+91-7618829047
1591,"Kiran Sharma",36,Female,Kolkata,+91-7060080253
1592,"Suresh Nair",42,Male,Mumbai,+91-7942183069
1593,"Kiran Mishra",39,Male,Hyderabad,+91-8668029092
1594,"Lakshmi Mishra",34,Male,Mumbai,+91-8592579831
1595,"Meena Sharma",43,Female,Hyderabad,+91-8787823688
1596,"Ravi Verma",37,Female,Kolkata,+91-8075833978
1597,"Meena Nair",32,Male,Mumbai,+91-9252359185
1598,"Lakshmi Sharma",37,Male,Bangalore,+91-7436753713
1599,"Priya Das",31,Female,Mumbai,+91-7520490176
1600,"Suresh Nair",32,Male,Mumbai,+91-7674704106
1601,"Suresh Mishra",30,Male,Kolkata,+91-9535901057
1602,"Pooja Kumar",39,Male,Bangalore,+91-9801780064
1603,"Suresh Sharma",31,Male,Kolkata,+91-9999377795
1604,"Pooja Das",45,Female,Delhi,+91-8776098014
1605,"Ravi Kumar",36,Male,Bangalore,+91-7370126519
1606,"Kiran Sharma",24,Female,Mumbai,+91-9342004646
1607,"Pooja Verma",40,Male,Delhi,+91-8028059625
1608,"Manoj Mishra",27,Female,Delhi,+91-7767792906
1609,"Manoj Sharma",33,Male,Hyderabad,+91-7595205972
1610,"Suresh Mishra",24,Male,Mumbai,+91-9892654567
1611,"Manoj Nair",42,Female,Kolkata,+91-8867169052
1612,"Meena Nair",23,Male,Hyderabad,+91-8420001509
1613,"Kiran Mishra",31,Male,Bangalore,+91-7284825186
1614,"Manoj Kumar",32,Male,Hyderabad,+91-9199796464
1615,"Ravi Kumar",23,Female,Chennai,+91-9653431305
1616,"Suresh Das",33,Male,Kolkata,+91-8058124525
1617,"Suresh Verma",45,Male,Chennai,+91-7842974340
1618,"Pooja Sharma",37,Female,Mumbai,+91-9643124279
1619,"Manoj Sharma",37,Female,Bangalore,+91-9798269481
1620,"Manoj Mishra",34,Female,Delhi,+91-9784481814
1621,"Kiran Kumar",43,Male,Mumbai,+91-7138164375
1622,"Lakshmi Das",27,Female,Delhi,+91-9132087296
1623,"Priya Nair",45,Female,Bangalore,+91-9898252178
1624,"Kiran Sharma",27,Male,Hyderabad,+91-9027960431
1625,"Kiran Das",34,Male,Kolkata,+91-9137105089
1626,"Kiran Nair",31,Female,Delhi,+91-7295392485
1627,"Suresh Nair",22,Male,Mumbai,+91-7862590273
1628,"Ravi Kumar",26,Female,Mumbai,+91-9247505546
1629,"Manoj Verma",41,Male,Bangalore,+91-9362003102
1630,"Manoj Kumar",39,Male,Chennai,+91-8325853171
1631,"Priya Kumar",31,Female,Bangalore,+91-8904737179
1632,"Ravi Nair",45,Female,Kolkata,+91-9749464250
1633,"Meena Kumar",45,Female,Chennai,+91-9476710422
1634,"Manoj Das",22,Male,Kolkata,+91-9856946291
1635,"Priya Sharma",24,Male,Hyderabad,+91-8660955446
1636,"Pooja Verma",43,Female,Chennai,+91-9133261670
1637,"Pooja Verma",27,Male,Kolkata,+91-7769298429
1638,"Kiran Nair",30,Female,Kolkata,+91-9221052156
1639,"Manoj Mishra",30,Female,Hyderabad,+91-8468220201
1640,"Ravi Nair",41,Male,Chennai,+91-7527099663
1641,"Ravi Mishra",38,Female,Kolkata,+91-7000015594
1642,"Kiran Mishra",40,Male,Delhi,+91-7002158799
1643,"Priya Nair",31,Male,Kolkata,+91-9102001402
1644,"Amit Nair",25,Male,Mumbai,+91-8422438266
1645,"Ravi Das",32,Female,Delhi,+91-7196311403
1646,"Rakesh Kumar",44,Male,Bangalore,+91-7833670613
1647,"Ravi Das",30,Female,Delhi,+91-7533299159
1648,"Meena Kumar",45,Female,Chennai,+91-8471532465
1649,"Rakesh Mishra",43,Female,Chennai,+91-7311977745
1650,"Ravi Kumar",23,Female,Kolkata,+91-8008395338
1651,"Priya Das",24,Female,Kolkata,+91-8836636878
1652,"Ravi Mishra",38,Female,Mumbai,+91-8477491667
1653,"Manoj Nair",33,Male,Bangalore,+91-9642769752
1654,"Lakshmi Verma",38,Female,Hyderabad,+91-7552710799
1655,"Lakshmi Mishra",35,Male,Hyderabad,+91-8349710300
1656,"Manoj Das",34,Female,Bangalore,+91-9947333407
1657,"Kiran Verma",37,Female,Hyderabad,+91-9638811859
1658,"Ravi Verma",45,Female,Chennai,+91-7953240301
1659,"Ravi Sharma",40,Male,Mumbai,+91-7945213937
1660,"Rakesh Sharma",28,Female,Kolkata,+91-9977312344
1661,"Amit Das",34,Male,Mumbai,+91-8284135060
1662,"Ravi Das",38,Female,Delhi,+91-8774640868
1663,"Lakshmi Mishra",37,Female,Delhi,+91-8552099223
1664,"Priya Mishra",23,Male,Hyderabad,+91-9425255728
1665,"Priya Das",31,Male,Bangalore,+91-7611525860
1666,"Meena Sharma",44,Male,Delhi,+91-9923338258
1667,"Pooja Verma",29,Female,Bangalore,+91-8275387252
1668,"Amit Das",26,Male,Bangalore,+91-9115905511
1669,"Suresh Mishra",44,Male,Delhi,+91-8032323037
1670,"Meena Sharma",38,Female,Delhi,+91-7095623526
1671,"Rakesh Nair",32,Male,Mumbai,+91-7918052875
1672,"Ravi Mishra",23,Female,Hyderabad,+91-7532957476
1673,"Lakshmi Kumar",45,Female,Kolkata,+91-9305916748
1674,"Kiran Mishra",23,Male,Chennai,+91-8077001887
1675,"Meena Das",41,Male,Hyderabad,+91-8534213517
1676,"Suresh Sharma",41,Female,Mumbai,+91-8752871494
1677,"Manoj Sharma",41,Female,Mumbai,+91-9160938956
1678,"Lakshmi Mishra",43,Female,Chennai,+91-9028783400
1679,"Kiran Nair",26,Female,Mumbai,+91-9562014107
1680,"Suresh Sharma",37,Male,Chennai,+91-8391940398
1681,"Manoj Kumar",25,Female,Kolkata,+91-8621931666
1682,"Suresh Verma",25,Male,Chennai,+91-8854073321
1683,"Manoj Verma",32,Female,Hyderabad,+91-9593969832
1684,"Rakesh Mishra",45,Male,Chennai,+91-9653530121
1685,"Lakshmi Mishra",42,Male,Kolkata,+91-7845304831
1686,"Manoj Nair",40,Male,Mumbai,+91-9247862928
1687,"Amit Kumar",39,Male,Mumbai,+91-7012421508
1688,"Amit Mishra",27,Female,Bangalore,+91-8627961005
1689,"Kiran Verma",32,Male,Kolkata,+91-7154603583
1690,"Rakesh Nair",41,Male,Delhi,+91-8823180525
1691,"Meena Mishra",41,Female,Kolkata,+91-7800280015
1692,"Lakshmi Verma",36,Female,Bangalore,+91-7718242891
1693,"Priya Das",39,Male,Mumbai,+91-7215969089
1694,"Lakshmi Sharma",23,Male,Bangalore,+91-9779672722
1695,"Pooja Kumar",35,Female,Hyderabad,+91-7357376922
1696,"Rakesh Kumar",31,Male,Delhi,+91-7548459518
1697,"Amit Das",30,Female,Mumbai,+91-8784663825
1698,"Rakesh Mishra",34,Female,Chennai,+91-8309648098
1699,"Pooja Nair",25,Male,Bangalore,+91-7742823842
1700,"Priya Verma",31,Male,Kolkata,+91-8139456845
1701,"Meena Mishra",44,Male,Delhi,+91-9788785310
1702,"Priya Sharma",28,Female,Delhi,+91-9325847551
1703,"Amit Kumar",28,Male,Kolkata,+91-7723411056
1704,"Manoj Kumar",42,Male,Kolkata,+91-9219530282
1705,"Rakesh Das",29,Male,Mumbai,+91-8125255777
1706,"Rakesh Kumar",26,Female,Delhi,+91-7936003483
1707,"Amit Das",30,Male,Mumbai,+91-7844468194
1708,"Manoj Mishra",40,Male,Mumbai,+91-7860282607
1709,"Amit Sharma",38,Male,Hyderabad,+91-7994707706
1710,"Suresh Das",45,Female,Delhi,+91-8037104689
1711,"Pooja Das",24,Male,Bangalore,+91-9644000768
1712,"Lakshmi Mishra",41,Female,Chennai,+91-8223858163
1713,"Amit Verma",45,Female,Hyderabad,+91-7644736309
1714,"Manoj Verma",44,Female,Chennai,+91-7721419611
1715,"Amit Kumar",25,Male,Mumbai,+91-7771006279
1716,"Ravi Kumar",24,Female,Kolkata,+91-7705312681
1717,"Priya Sharma",40,Male,Bangalore,+91-7184787933
1718,"Meena Mishra",22,Male,Hyderabad,+91-9071160873
1719,"Ravi Nair",45,Male,Bangalore,+91-8597281357
1720,"Suresh Sharma",36,Female,Mumbai,+91-8193396779
1721,"Rakesh Nair",23,Male,Mumbai,+91-9096997258
1722,"Rakesh Das",40,Male,Delhi,+91-9657648175
1723,"Ravi Verma",27,Male,Hyderabad,+91-8670552101
1724,"Lakshmi Mishra",42,Male,Delhi,+91-8602788408
1725,"Rakesh Verma",36,Female,Bangalore,+91-8768038378
1726,"Priya Das",34,Male,Kolkata,+91-8034500379
1727,"Meena Kumar",34,Male,Mumbai,+91-8239293669
1728,"Meena Nair",27,Female,Bangalore,+91-8942889906
1729,"Meena Verma",40,Male,Bangalore,+91-7158595799
1730,"Suresh Verma",40,Female,Mumbai,+91-8517919356
1731,"Rakesh Verma",43,Female,Mumbai,+91-7406648766
1732,"Ravi Mishra",25,Female,Delhi,+91-7339820543
1733,"Kiran Mishra",24,Male,Mumbai,+91-8051278248
1734,"Ravi Mishra",36,Female,Kolkata,+91-8562743218
1735,"Amit Kumar",45,Male,Delhi,+91-8396525375
1736,"Suresh Sharma",45,Female,Mumbai,+91-8964813382
1737,"Kiran Nair",45,Female,Chennai,+91-7363343897
1738,"Lakshmi Das",31,Female,Chennai,+91-7989743815
1739,"Manoj Das",27,Female,Mumbai,+91-9978644146
1740,"Ravi Kumar",24,Female,Kolkata,+91-7109310231
1741,"Lakshmi Das",33,Female,Kolkata,+91-9432293515
1742,"Amit Verma",42,Female,Hyderabad,+91-8093615618
1743,"Rakesh Verma",22,Female,Hyderabad,+91-9377188841
1744,"Lakshmi Das",28,Female,Mumbai,+91-7136721563
1745,"Manoj Sharma",39,Male,Kolkata,+91-7733694766
1746,"Meena Nair",44,Male,Chennai,+91-7428537199
1747,"Ravi Sharma",27,Female,Mumbai,+91-8726026472
1748,"Priya Verma",44,Male,Chennai,+91-8413249330
1749,"Lakshmi Das",42,Female,Bangalore,+91-7516299675
1750,"Suresh Das",24,Male,Mumbai,+91-8065488859
1751,"Ravi Verma",27,Female,Kolkata,+91-8599352209
1752,"Priya Verma",26,Female,Hyderabad,+91-7436935564
1753,"Priya Mishra",34,Female,Chennai,+91-7870411714
1754,"Priya Verma",26,Female,Delhi,+91-9106222992
1755,"Meena Nair",44,Female,Mumbai,+91-8612227219
1756,"Ravi Das",23,Male,Hyderabad,+91-8544687495
1757,"Suresh Kumar",25,Female,Mumbai,+91-9401421445
1758,"Ravi Mishra",34,Female,Mumbai,+91-8729875714
1759,"Amit Sharma",42,Female,Chennai,+91-8932079883
1760,"Pooja Mishra",23,Female,Bangalore,+91-7228466454
1761,"Lakshmi Nair",36,Male,Bangalore,+91-7930766761
1762,"Rakesh Sharma",32,Male,Delhi,+91-9879198649
1763,"Manoj Sharma",22,Male,Delhi,+91-7058069610
1764,"Suresh Kumar",45,Male,Hyderabad,+91-9066305567
1765,"Meena Sharma",35,Female,Chennai,+91-8627449292
1766,"Lakshmi Mishra",37,Male,Mumbai,+91-7460860968
1767,"Ravi Verma",44,Female,Mumbai,+91-7880741807
1768,"Meena Nair",22,Male,Chennai,+91-9496084353
1769,"Amit Nair",31,Female,Mumbai,+91-8478621394
1770,"Kiran Verma",29,Female,Delhi,+91-7248593781
1771,"Lakshmi Sharma",40,Male,Delhi,+91-7047044200
1772,"Lakshmi Das",34,Male,Mumbai,+91-7137087121
1773,"Manoj Sharma",33,Female,Delhi,+91-8724542454
1774,"Pooja Verma",23,Male,Chennai,+91-8439079329
1775,"Meena Das",45,Male,Chennai,+91-9781189329
1776,"Manoj Kumar",39,Female,Chennai,+91-8777014739
1777,"Rakesh Nair",27,Female,Bangalore,+91-9426758451
1778,"Manoj Verma",37,Male,Delhi,+91-7973290497
1779,"Meena Sharma",42,Female,Chennai,+91-8835081385
1780,"Suresh Kumar",41,Female,Mumbai,+91-9478778913
1781,"Manoj Mishra",42,Female,Mumbai,+91-9742083820
1782,"Ravi Verma",39,Female,Chennai,+91-7237584884
1783,"Rakesh Kumar",44,Male,Kolkata,+91-7385387642
1784,"Priya Sharma",24,Female,Chennai,+91-7362141882
1785,"Meena Nair",38,Female,Bangalore,+91-9177283326
1786,"Priya Nair",43,Female,Chennai,+91-9194605383
1787,"Meena Das",44,Male,Delhi,+91-8606731915
1788,"Kiran Verma",35,Male,Bangalore,+91-9563933271
1789,"Pooja Verma",30,Female,Bangalore,+91-7673239441
1790,"Suresh Verma",43,Female,Kolkata,+91-7330541374
1791,"Meena Nair",30,Male,Bangalore,+91-9891840891
1792,"Rakesh Das",35,Female,Chennai,+91-7655671291
1793,"Pooja Sharma",33,Female,Delhi,+91-8231765369
1794,"Ravi Verma",37,Male,Mumbai,+91-8278629937
1795,"Priya Nair",23,Female,Kolkata,+91-8364988953
1796,"Meena Mishra",43,Male,Delhi,+91-7491031282
1797,"Lakshmi Kumar",25,Male,Bangalore,+91-7863082448
1798,"Suresh Das",44,Male,Mumbai,+91-9798930788
1799,"Suresh Kumar",34,Female,Kolkata,+91-7596459338
1800,"Pooja Nair",40,Male,Delhi,+91-7015188257
1801,"Lakshmi Das",42,Female,Hyderabad,+91-8937848915
1802,"Ravi Nair",42,Male,Hyderabad,+91-9392986179
1803,"Pooja Nair",39,Female,Bangalore,+91-7591530690
1804,"Manoj Sharma",23,Female,Delhi,+91-9539869777
1805,"Pooja Mishra",38,Male,Mumbai,+91-8890369851
1806,"Suresh Mishra",45,Male,Delhi,+91-8907540160
1807,"Ravi Nair",36,Male,Hyderabad,+91-8153675566
1808,"Amit Nair",37,Female,Mumbai,+91-7350964661
1809,"Kiran Mishra",31,Male,Bangalore,+91-7819061831
1810,"Priya Mishra",23,Male,Mumbai,+91-7274656981
1811,"Suresh Das",30,Female,Chennai,+91-9246910982
1812,"Meena Sharma",30,Male,Bangalore,+91-8755084161
1813,"Pooja Sharma",23,Male,Delhi,+91-7879776641
1814,"Ravi Nair",26,Female,Kolkata,+91-9368090432
1815,"Lakshmi Nair",44,Male,Chennai,+91-7910109099
1816,"Pooja Nair",44,Male,Chennai,+91-8217310352
1817,"Rakesh Sharma",29,Male,Hyderabad,+91-7185080517
1818,"Priya Verma",34,Female,Kolkata,+91-7225414268
1819,"Ravi Kumar",22,Female,Delhi,+91-9857360713
1820,"Kiran Sharma",38,Male,Bangalore,+91-8645983409
1821,"Suresh Nair",33,Male,Chennai,+91-7637755494
1822,"Priya Kumar",22,Male,Bangalore,+91-8180062791
1823,"Manoj Verma",42,Female,Bangalore,+91-9135647426
1824,"Pooja Verma",45,Female,Chennai,+91-9247229668
1825,"Ravi Nair",40,Female,Delhi,+91-7554239142
1826,"Lakshmi Verma",26,Female,Chennai,+91-8176060825
1827,"Priya Sharma",30,Male,Chennai,+91-7699620700
1828,"Ravi Kumar",43,Female,Kolkata,+91-7251038776
1829,"Lakshmi Kumar",40,Female,Kolkata,+91-9283076912
1830,"Rakesh Verma",39,Female,Delhi,+91-8168157720
1831,"Pooja Verma",28,Female,Hyderabad,+91-7181040513
1832,"Rakesh Nair",31,Female,Bangalore,+91-9325323146
1833,"Lakshmi Sharma",37,Male,Hyderabad,+91-8951871889
1834,"Priya Sharma",37,Male,Chennai,+91-7804944199
1835,"Lakshmi Mishra",39,Female,Bangalore,+91-8743251629
1836,"Suresh Nair",32,Male,Kolkata,+91-7294759804
1837,"Meena Mishra",45,Female,Chennai,+91-7436718254
1838,"Rakesh Mishra",28,Female,Kolkata,+91-7882465206
1839,"Ravi Sharma",39,Female,Chennai,+91-8940620506
1840,"Amit Verma",45,Female,Chennai,+91-8819941532
1841,"Lakshmi Sharma",26,Male,Bangalore,+91-9456169891
1842,"Pooja Sharma",37,Male,Hyderabad,+91-9689040827
1843,"Priya Kumar",27,Female,Delhi,+91-8520002612
1844,"Lakshmi Mishra",22,Female,Kolkata,+91-8267871691
1845,"Kiran Kumar",37,Female,Chennai,+91-9114787449
1846,"Rakesh Das",30,Male,Chennai,+91-8766072423
1847,"Lakshmi Sharma",32,Male,Mumbai,+91-7419729177
1848,"Manoj Verma",30,Male,Kolkata,+91-9973909510
1849,"Lakshmi Mishra",37,Male,Chennai,+91-8567470415
1850,"Lakshmi Das",35,Female,Chennai,+91-9964455443
1851,"Meena Nair",29,Female,Chennai,+91-8987262746
1852,"Ravi Das",32,Female,Mumbai,+91-9868548975
1853,"Amit Kumar",38,Female,Bangalore,+91-7899308139
1854,"Amit Verma",45,Female,Chennai,+91-9119508681
1855,"Lakshmi Verma",30,Male,Bangalore,+91-7962969119
1856,"Suresh Kumar",32,Female,Mumbai,+91-7763112454
1857,"Lakshmi Mishra",25,Female,Bangalore,+91-8663662251
1858,"Amit Kumar",22,Female,Bangalore,+91-8989283072
1859,"Priya Sharma",43,Female,Hyderabad,+91-9114489067
1860,"Meena Sharma",41,Female,Mumbai,+91-8685810611
1861,"Kiran Das",33,Male,Bangalore,+91-7104909666
1862,"Ravi Das",35,Male,Bangalore,+91-7294320297
1863,"Meena Mishra",26,Female,Chennai,+91-9517802482
1864,"Kiran Kumar",28,Female,Chennai,+91-8593573663
1865,"Priya Mishra",38,Female,Bangalore,+91-9630775339
1866,"Priya Das",33,Male,Bangalore,+91-7776979743
1867,"Amit Verma",38,Male,Delhi,+91-9152733857
1868,"Amit Mishra",28,Male,Chennai,+91-8629147253
1869,"Amit Das",34,Female,Chennai,+91-8893446731
1870,"Rakesh Das",45,Male,Hyderabad,+91-8053634037
1871,"Pooja Nair",35,Female,Bangalore,+91-7911467081
1872,"Kiran Nair",42,Female,Delhi,+91-7725858649
1873,"Lakshmi Verma",44,Female,Hyderabad,+91-8802099217
1874,"Suresh Verma",38,Female,Mumbai,+91-9534412020
1875,"Meena Nair",35,Female,Bangalore,+91-9426743287
1876,"Suresh Das",32,Male,Mumbai,+91-7474753361
1877,"Lakshmi Verma",23,Female,Delhi,+91-8856786883
1878,"Amit Sharma",22,Female,Mumbai,+91-7801262616
1879,"Manoj Nair",36,Male,Bangalore,+91-9227217554
1880,"Priya Das",43,Male,Delhi,+91-8569203274
1881,"Priya Mishra",30,Male,Bangalore,+91-9829609772
1882,"Ravi Verma",35,Female,Kolkata,+91-8288728982
1883,"Ravi Verma",37,Female,Hyderabad,+91-7204435652
1884,"Meena Mishra",36,Female,Chennai,+91-9288990837
1885,"Manoj Das",42,Female,Bangalore,+91-9055725787
1886,"Meena Kumar",26,Female,Chennai,+91-7302074275
1887,"Rakesh Verma",38,Male,Hyderabad,+91-8157364982
1888,"Amit Das",25,Female,Chennai,+91-9354968053
1889,"Kiran Sharma",41,Female,Hyderabad,+91-8220584828
1890,"Meena Nair",23,Female,Chennai,+91-8873000342
1891,"Amit Kumar",36,Female,Chennai,+91-8924526171
1892,"Amit Sharma",26,Female,Chennai,+91-8057317104
1893,"Priya Das",33,Female,Hyderabad,+91-9580684334
1894,"Lakshmi Das",37,Female,Hyderabad,+91-8688990112
1895,"Rakesh Sharma",28,Female,Delhi,+91-7464597537
1896,"Amit Verma",44,Female,Hyderabad,+91-7114723718
1897,"Kiran Das",39,Female,Delhi,+91-9602563722
1898,"Kiran Kumar",30,Female,Bangalore,+91-7042314137
1899,"Ravi Nair",35,Male,Mumbai,+91-7731134710
1900,"Pooja Nair",35,Male,Hyderabad,+91-8832963453
1901,"Pooja Mishra",34,Female,Mumbai,+91-7256573076
1902,"Rakesh Nair",45,Female,Bangalore,+91-7468251376
1903,"Manoj Sharma",30,Female,Delhi,+91-7363348314
1904,"Meena Nair",34,Female,Hyderabad,+91-8636026676
1905,"Rakesh Verma",36,Female,Delhi,+91-7881266354
1906,"Priya Nair",44,Female,Bangalore,+91-7860414706
1907,"Ravi Kumar",41,Female,Bangalore,+91-8780381867
1908,"Ravi Verma",33,Male,Hyderabad,+91-9059760808
1909,"Pooja Nair",29,Male,Chennai,+91-8190313622
1910,"Priya Verma",30,Female,Delhi,+91-9797738108
1911,"Meena Nair",26,Male,Bangalore,+91-8024537852
1912,"Amit Verma",39,Female,Bangalore,+91-7116956719
1913,"Meena Das",34,Male,Hyderabad,+91-8277573037
1914,"Ravi Mishra",28,Female,Delhi,+91-9675167978
1915,"Priya Das",44,Male,Mumbai,+91-8447613097
1916,"Kiran Verma",39,Female,Delhi,+91-8753751057
1917,"Ravi Sharma",27,Female,Mumbai,+91-8893760072
1918,"Priya Mishra",36,Female,Hyderabad,+91-8653544239
1919,"Kiran Verma",35,Male,Hyderabad,+91-8726317863
1920,"Lakshmi Verma",33,Female,Bangalore,+91-7123113832
1921,"Meena Sharma",40,Female,Hyderabad,+91-7255780305
1922,"Amit Kumar",37,Male,Delhi,+91-8300801029
1923,"Meena Das",44,Female,Bangalore,+91-8233472311
1924,"Pooja Kumar",23,Male,Chennai,+91-9907075943
1925,"Kiran Verma",36,Female,Kolkata,+91-7812957280
1926,"Lakshmi Mishra",26,Male,Delhi,+91-9820109179
1927,"Amit Das",23,Female,Kolkata,+91-8142241803
1928,"Manoj Das",41,Male,Delhi,+91-7945213124
1929,"Suresh Verma",44,Female,Bangalore,+91-7209487706
1930,"Ravi Mishra",27,Female,Mumbai,+91-8548251851
1931,"Suresh Kumar",31,Male,Kolkata,+91-7018805168
1932,"Meena Sharma",34,Female,Delhi,+91-9599084313
1933,"Ravi Das",25,Female,Delhi,+91-8996087178
1934,"Priya Verma",27,Female,Hyderabad,+91-7190633354
1935,"Ravi Verma",22,Female,Bangalore,+91-9506158002
1936,"Pooja Kumar",25,Male,Chennai,+91-8603872095
1937,"Ravi Kumar",25,Female,Bangalore,+91-8035897356
1938,"Lakshmi Verma",44,Female,Bangalore,+91-7440101860
1939,"Kiran Das",28,Male,Chennai,+91-9902658285
1940,"Meena Mishra",24,Female,Kolkata,+91-7683999490
1941,"Lakshmi Mishra",22,Female,Mumbai,+91-9338481647
1942,"Meena Nair",37,Male,Delhi,+91-9416653097
1943,"Amit Das",43,Female,Bangalore,+91-8514182900
1944,"Suresh Sharma",23,Male,Delhi,+91-7366095682
1945,"Pooja Verma",45,Female,Hyderabad,+91-9156264812
1946,"Priya Das",38,Female,Kolkata,+91-8282341622
1947,"Priya Nair",36,Male,Hyderabad,+91-9994392827
1948,"Rakesh Mishra",28,Male,Bangalore,+91-8048264476
1949,"Rakesh Mishra",22,Male,Chennai,+91-7428342665
1950,"Lakshmi Nair",41,Female,Delhi,+91-7222209942
1951,"Meena Mishra",38,Female,Mumbai,+91-8411153245
1952,"Manoj Kumar",40,Female,Kolkata,+91-8911917831
1953,"Ravi Mishra",29,Male,Delhi,+91-7360025482
1954,"Pooja Nair",28,Female,Kolkata,+91-7245352798
1955,"Rakesh Nair",38,Male,Bangalore,+91-7678149259
1956,"Rakesh Das",27,Female,Bangalore,+91-7863405758
1957,"Lakshmi Sharma",30,Female,Kolkata,+91-7424444389
1958,"Kiran Das",42,Female,Bangalore,+91-8861858718
1959,"Meena Kumar",35,Male,Kolkata,+91-8039570129
1960,"Lakshmi Mishra",36,Male,Hyderabad,+91-7237768241
1961,"Pooja Das",22,Female,Delhi,+91-8807498544
1962,"Meena Verma",28,Male,Hyderabad,+91-9132396775
1963,"Pooja Mishra",40,Female,Mumbai,+91-9878818177
1964,"Meena Nair",27,Male,Mumbai,+91-9309611864
1965,"Pooja Kumar",22,Male,Delhi,+91-8687956811
1966,"Manoj Mishra",43,Female,Kolkata,+91-7384531604
1967,"Amit Das",27,Female,Hyderabad,+91-7531358475
1968,"Ravi Das",35,Female,Hyderabad,+91-8105968138
1969,"Rakesh Sharma",28,Male,Delhi,+91-8904304089
1970,"Manoj Nair",22,Male,Chennai,+91-8352543773
1971,"Lakshmi Das",30,Female,Hyderabad,+91-7706073494
1972,"Suresh Mishra",44,Male,Hyderabad,+91-9351703374
1973,"Meena Verma",23,Female,Delhi,+91-8819378929
1974,"Rakesh Verma",32,Female,Chennai,+91-8768713610
1975,"Pooja Sharma",23,Male,Chennai,+91-8914421701
1976,"Kiran Nair",27,Female,Mumbai,+91-9572422998
1977,"Priya Sharma",40,Female,Mumbai,+91-8483916524
1978,"Suresh Das",32,Female,Kolkata,+91-9499608370
1979,"Pooja Mishra",30,Male,Hyderabad,+91-8840241550
1980,"Lakshmi Sharma",27,Male,Kolkata,+91-8497812027
1981,"Ravi Verma",38,Female,Bangalore,+91-8782160575
1982,"Manoj Mishra",22,Female,Hyderabad,+91-9218328866
1983,"Priya Kumar",31,Female,Mumbai,+91-7278012838
1984,"Kiran Mishra",33,Male,Bangalore,+91-8608929231
1985,"Rakesh Mishra",25,Female,Chennai,+91-7697641179
1986,"Priya Mishra",27,Male,Hyderabad,+91-8982794840
1987,"Rakesh Verma",44,Male,Hyderabad,+91-8241289079
1988,"Manoj Kumar",38,Female,Bangalore,+91-7080321065
1989,"Kiran Mishra",32,Female,Mumbai,+91-7718384856
1990,"Amit Sharma",44,Female,Hyderabad,+91-8490004823
1991,"Kiran Verma",30,Male,Delhi,+91-9601496613
1992,"Lakshmi Kumar",22,Female,Mumbai,+91-9506202684
1993,"Lakshmi Nair",23,Male,Kolkata,+91-9551707729
1994,"Amit Kumar",30,Female,Hyderabad,+91-8481512640
1995,"Amit Kumar",28,Female,Chennai,+91-8202910113
1996,"Lakshmi Mishra",24,Female,Bangalore,+91-7572073047
1997,"Amit Sharma",34,Male,Chennai,+91-7005639876
1998,"Lakshmi Verma",27,Female,Kolkata,+91-9842101497
1999,"Meena Das",43,Female,Delhi,+91-7707945525
2000,"Ravi Das",42,Female,Hyderabad,+91-8530916064
